Дата та час,Актив,Тип операції,Кількість,Ціна виконання ($),Загальна сума ($)
2026-06-17 17:13:47.641690,TON,BUY,100.0,1.5,150.0
2026-06-16 15:25:13.055565,BTC,BUY,130.0,1.0,130.0
2026-06-16 15:25:03.150629,BTC,SELL,130.0,1.0,130.0
2026-06-16 15:20:40.102119,BTC,SELL,1.0,60000.0,60000.0
2026-06-16 14:43:40.079619,SOL,BUY,1.0,1.0,1.0
2026-06-16 13:37:59.262066,TON,BUY,1.0,1.0,1.0
2026-06-15 13:04:17.462731,SOL,BUY,1.0,1.0,1.0
2026-06-15 11:59:40.320263,ETH,BUY,2.0,1650.0,3300.0
2026-06-15 11:59:29.385038,BTC,BUY,1.0,66000.0,66000.0
